source_id,pdf_page,url_as_embedded
S33,1,https://www.instagram.com/p/DWAh0e4EcXT/?utm_source=ig_web_copy_link&stkn=NTc4MTIwNjQ2YQ==
S33,1,https://www.instagram.com/p/DZz3X6hiSjC/?utm_source=ig_web_copy_link&stkn=NTc4MTIwNjQ2YQ==
S33,1,https://www.instagram.com/p/DZXaPhpJcii/?utm_source=ig_web_copy_link&stkn=NTc4MTIwNjQ2YQ==
S33,2,https://www.instagram.com/p/DYeOVXgPK_5/?utm_source=ig_web_copy_link&stkn=NTc4MTIwNjQ2YQ==
S33,2,https://www.instagram.com/p/DdaeA9OiTb5/?utm_source=ig_web_copy_link&stkn=NTc4MTIwNjQ2YQ==
S33,2,https://www.instagram.com/p/DdX_lSVE1EI/?utm_source=ig_web_copy_link&stkn=NTc4MTIwNjQ2YQ==
S33,3,https://www.instagram.com/p/DUutS6uCRpX/?utm_source=ig_web_copy_link&stkn=NTc4MTIwNjQ2YQ==
S33,3,https://www.instagram.com/p/DCbsuP9vRT4/?utm_source=ig_web_copy_link&stkn=NTc4MTIwNjQ2YQ==
S33,4,https://www.liputan6.com/tekno/read/3915876/taklukkan-tiongkok-ipb-juara-2-kompetisi-robot-bawah-air
S33,4,https://www.harnasnews.com/taklukkan-tiongkok-ipb-juara-2-kompetisi-robot-bawah-air/
